station,N,E
hisaasen_upper,61.10516357,12.25481033
hisaasen_lower,61.1115036,12.25089836

